Propellants,Injector Type,Geometry: Nozzle/Restriction Ach/At,Geometry: Chamber Length [in],Geometry: Combustor Area [in2],Geometry: Channel Gap [in],Gap-to-Length Ratio,Equivalence Ratio,Total Mass Flow Rate [lbm/s],Mass Flux [lbm/s-in2],Wave Speed [ft/s],Number of Waves,Chamber Pressure [psig],Thrust [lbf],Specific Impulse [s],Wave Efficiency,Theoretical Wave Speed [ft/s],Characteristic Velocity [ft/s],Chamber Pressure [psia]
Propane & Oxygen,Shear-Coaxial,4.706307434,4,6.452654523,0.3,0.075,1.82,0.784,0.1215,3280,,73.2,,,37%,8750.00028,4143.8237,87.9
Propane & Oxygen,Shear-Coaxial,4.706307434,4,6.452654523,0.3,0.075,1.82,0.785,0.1217,3513,,73.1,,,40%,8750.00028,4139.706,87.8
Propane & Oxygen,Shear-Coaxial,4.706307434,4,6.452654523,0.3,0.075,1.32,0.7,0.1085,3470,,63.8,,,41%,8423.228616,4054.9468,78.5
Propane & Oxygen,Shear-Coaxial,4.706307434,4,6.452654523,0.3,0.075,1.03,0.659,0.1021,3506,,54.6,,,44%,8025.918892,3682.12,69.3
Propane & Oxygen,Shear-Coaxial,4.706307434,4,6.452654523,0.3,0.075,1.67,0.749,0.1161,3325,,67.4,,,38%,8701.115764,3997.5,82.1
Propane & Oxygen,Shear-Coaxial,4.706307434,4,6.452654523,0.3,0.075,1.22,0.681,0.1055,3337,,58.2,,,40%,8309.383468,3797.5122,72.9
Propane & Oxygen,Shear-Coaxial,4.706307434,4,6.452654523,0.3,0.075,1.59,0.73,0.1131,3527,,64.2,,,41%,8655.512088,3908.893,78.9
Propane & Oxygen,Shear-Coaxial,4.706307434,4,6.452654523,0.3,0.075,2.21,0.799,0.1238,3527,,70.6,,,41%,8663.05802,3925.6455,85.3
Propane & Oxygen,Shear-Coaxial,4.706307434,4,6.452654523,0.3,0.075,1.04,1.028,0.1593,3199,,87.1,,,40%,8079.0685,4315.3965,101.8
Propane & Oxygen,Shear-Coaxial,4.706307434,4,6.452654523,0.3,0.075,2.13,1.209,0.1874,3255,,111.1,,,37%,8727.362484,4085.8618,125.8
Propane & Oxygen,Shear-Coaxial,4.706307434,4,6.452654523,0.3,0.075,1.34,0.676,0.1048,3445,,55.7,,,41%,8429.134128,3655.429,70.4
Propane & Oxygen,Shear-Coaxial,4.706307434,4,6.452654523,0.3,0.075,1.71,0.677,0.1049,3504,,62.3,,,40%,8708.333612,4085.7354,77
Propane & Oxygen,Shear-Coaxial,4.706307434,4,6.452654523,0.3,0.075,1.87,0.761,0.1179,3477,,71.9,,,40%,8751.968784,4199.3096,86.6
Propane & Oxygen,Shear-Coaxial,4.706307434,4,6.452654523,0.3,0.075,2.08,0.79,0.1224,3510,,72.6,,,40%,8720.144636,4086.1968,87.3
Propane & Oxygen,Shear-Coaxial,4.706307434,4,6.452654523,0.3,0.075,2.21,0.94,0.1457,3474,,87.1,,,40%,8674.212876,4115.637,101.8
Propane & Oxygen,Shear-Coaxial,4.706307434,4,6.452654523,0.3,0.075,1.84,0.744,0.1153,3484,,69.1,,,40%,8746.71944,4127.1855,83.8
Propane & Oxygen,Shear-Coaxial,4.706307434,4,6.452654523,0.3,0.075,1.75,0.713,0.1105,3456,,66.4,,,40%,8727.0344,4141.4624,81.1
Propane & Oxygen,Shear-Coaxial,4.706307434,4,6.452654523,0.3,0.075,1.73,0.948,0.1469,3538,,91.4,,,40%,8753.28112,4282.4263,106.1
Propane & Oxygen,Shear-Coaxial,4.706307434,4,6.452654523,0.3,0.075,1.65,0.952,0.1475,3495,,92.4,,,40%,8726.378232,4216.569,107.1
Propane & Oxygen,Shear-Coaxial,4.706307434,4,6.452654523,0.3,0.075,1.86,0.951,0.1474,3549,,91.4,,,40%,8772.638076,4280.376,106.1
Propane & Oxygen,Shear-Coaxial,4.706307434,4,6.452654523,0.3,0.075,2,0.952,0.1475,3542,,90.4,,,40%,8757.546212,4274.2114,105.1
Propane & Oxygen,Shear-Coaxial,4.706307434,4,6.452654523,0.3,0.075,1.87,0.74,0.1147,3553,,68.3,,,41%,8747.703692,4102.459,83
Methane & Oxygen,Shear-Coaxial,1,4,6.452654523,0.3,0.075,1.54,0.446,0.0691,4608,4,,,,54%,8502,1224,14.7
Methane & Oxygen,Shear-Coaxial,1,4,6.452654523,0.3,0.075,1.57,0.447,0.0693,4602,4,,,,54%,8523,1221,14.7
Methane & Oxygen,Shear-Coaxial,1,4,6.452654523,0.3,0.075,1.83,0.343,0.0532,4500,4,,,,52%,8638,1833,14.7
Methane & Oxygen,Shear-Coaxial,1,4,6.452654523,0.3,0.075,1.73,0.226,0.0351,4568,4,,,,53%,8609,2413,14.7
Methane & Oxygen,Shear-Coaxial,1,4,6.452654523,0.3,0.075,1.72,0.227,0.0352,4679,4,,,,54%,8605,2406,14.7
Methane & Oxygen,Shear-Coaxial,1,4,6.452654523,0.3,0.075,1.92,0.247,0.0383,4339,4,,,,50%,8650,2211,14.7
Methane & Oxygen,Shear-Coaxial,1,4,6.452654523,0.3,0.075,1.72,0.189,0.0293,4540,4,,,,53%,8605,2889,14.7
Methane & Oxygen,Shear-Coaxial,1,4,6.452654523,0.3,0.075,1.33,0.106,0.0164,3857,8,,,,46%,8306,5158,14.7
Methane & Oxygen,Shear-Coaxial,1,4,6.452654523,0.3,0.075,0.63,0.223,0.0346,4116,6,,,,58%,7098,2447,14.7
Methane & Oxygen,Shear-Coaxial,1,4,6.452654523,0.3,0.075,0.65,0.207,0.0321,4113,6,,,,58%,7146,2637,14.7
Methane & Oxygen,Shear-Coaxial,1,4,6.452654523,0.3,0.075,0.7,0.316,0.049,3779,6,,,,52%,7261,1726,14.7
Methane & Oxygen,Shear-Coaxial,1,4,6.452654523,0.3,0.075,0.87,0.2,0.031,3835,6,,,,50%,7613,2729,14.7
Methane & Oxygen,Shear-Coaxial,1,4,6.452654523,0.3,0.075,0.98,0.222,0.0344,4033,6,,,,52%,7811,2459,14.7
Methane & Oxygen,Shear-Coaxial,1,4,6.452654523,0.3,0.075,1.02,0.205,0.0317,4033,6,,,,51%,7878,2668,14.7
Methane & Oxygen,Shear-Coaxial,1,4,6.452654523,0.3,0.075,1.05,0.336,0.052,4067,6,,,,51%,7927,1626,14.7
Methane & Oxygen,Shear-Coaxial,1,4,6.452654523,0.3,0.075,1.06,0.207,0.032,4048,6,,,,51%,7942,2642,14.7
Methane & Oxygen,Shear-Coaxial,1,4,6.452654523,0.3,0.075,1.32,0.105,0.0163,4531,6,,,,55%,8295,5190,14.7
Methane & Oxygen,Shear-Coaxial,1,4,6.452654523,0.3,0.075,1.35,0.223,0.0345,4225,6,,,,51%,8328,2450,14.7
Methane & Oxygen,Shear-Coaxial,1,4,6.452654523,0.3,0.075,1.37,0.22,0.034,4256,6,,,,51%,8350,2486,14.7
Methane & Oxygen,Shear-Coaxial,1,4,6.452654523,0.3,0.075,1.41,0.34,0.0528,4215,6,,,,50%,8390,1604,14.7
Methane & Oxygen,Shear-Coaxial,1,4,6.452654523,0.3,0.075,1.44,0.224,0.0347,4277,6,,,,51%,8418,2436,14.7
Methane & Oxygen,Shear-Coaxial,1,4,6.452654523,0.3,0.075,1.59,0.11,0.017,4089,6,,,,48%,8537,4971,14.7
Methane & Oxygen,Shear-Coaxial,1,4,6.452654523,0.3,0.075,1.69,0.111,0.0171,4039,6,,,,47%,8592,4940,14.7
Methane & Oxygen,Shear-Coaxial,1,4,6.452654523,0.3,0.075,1.9,0.113,0.0175,3585,6,,,,41%,8649,4823,14.7
Methane & Oxygen,Shear-Coaxial,1,4,6.452654523,0.3,0.075,2.04,0.233,0.0361,3445,6,,,,40%,8644,8855,14.7
Methane & LOX,Triplet,1,2.736,6.137415408,0.33,0.120614035,1.46,1.893,0.309,4946,3,41.64,,,57%,8629,4877,56.33987
Methane & LOX,Triplet,1,2.736,6.137415408,0.33,0.120614035,1.84,1.941,0.316,4745,4,94.53,,,54%,8855,9201,109.23376
Methane & LOX,Pentad,1,2.736,6.137415408,0.33,0.120614035,1.92,4.568,0.744,4028,2,40.23,,,46%,8785,1971,54.93312
Methane & LOX,Pentad,1,2.736,6.137415408,0.33,0.120614035,1.99,3.148,0.513,4305,3,133.92,,,49%,8849,7713,148.62284
Methane & LOX,Pentad,1,2.736,6.137415408,0.33,0.120614035,1.98,4.615,0.752,4367,5,142.36,,,49%,8857,5559,157.06334
Methane & LOX,Pentad,1,2.736,6.137415408,0.33,0.120614035,1.07,16.26,2.649,4430,4,609.12,,,52%,8481,6258,623.8238
Methane & LOX,Pentad,1,2.736,6.137415408,0.33,0.120614035,1.99,4.663,0.76,4305,4,131.39,,,49%,8848,5119,146.09
Ethylene & Oxygen,Slit,1,1.89,0.9926,0.126,0.066666667,1,0.31526,0.317610316,,,62.35,45.18884892,144,,8049.869024,6469.571813,77.05
Ethylene & Oxygen,Triplet,1,2.95,2.7265,0.315,0.106779661,1.6,0.29322,0.107544471,,,18.85,20.68345324,71,,8679.46222,8361.427065,33.55
Ethylene & Oxygen,Triplet,1,2.95,2.7265,0.315,0.106779661,1.6,0.35935,0.13179901,,,21.75,30.35071942,84,,8693.569832,7407.216125,36.45
Ethylene & Oxygen,Triplet,1,2.95,2.7265,0.315,0.106779661,1.3,0.35274,0.129374656,,,23.2,30.35071942,1033,,8379.921528,7843.75418,37.9
Ethylene & Oxygen,Triplet,1,2.95,2.7265,0.315,0.106779661,1.4,0.33731,0.123715386,,,21.75,36.42086331,95,,8493.438592,7891.207241,36.45
Ethylene & Oxygen,Triplet,1,2.95,2.7265,0.315,0.106779661,0.9,0.26456,0.097032826,,,15.95,32.14928058,210,,7731.955628,8473.2846,30.65
Ethylene & Oxygen,Doublet,2.5,2.756,2.7265,0.315,0.114296081,1.6,0.21164,0.077623327,,,24.65,55.53057554,81,,8706.365108,5427.761453,39.35
Ethylene & Oxygen,Doublet,2.5,2.756,2.7265,0.315,0.114296081,0.9,0.47179,0.173038694,,,52.2,51.70863309,110,,7849.4097,4126.63308,66.9
Ethylene & Oxygen,Doublet,2.5,2.756,2.7265,0.315,0.114296081,1,0.44093,0.161720154,,,66.7,106.3399281,241,,8058.399208,5368.18806,81.4
Ethylene & Oxygen,Doublet,2.5,2.756,2.7265,0.315,0.114296081,1,0.73855,0.270878416,,,113.1,197.1672662,273,,8127.624932,5025.098058,127.8
Ethylene & Oxygen,Doublet,8,2.756,2.7265,0.315,0.114296081,1.4,0.15873,0.058217495,,,89.9,21.58273381,136,,8669.6197,5983.31417,104.6
Ethylene & Oxygen,Doublet,8,2.756,2.7265,0.315,0.114296081,1,0.15432,0.056600037,,,72.5,34.8471223,226,,8068.897896,5133.471718,87.2
Ethylene & Oxygen,Doublet,8,2.756,2.7265,0.315,0.114296081,1,0.1433,0.052558225,,,79.75,45.86330935,300,,8081.365088,5986.298429,94.45
Ethylene & Oxygen,Doublet,8,2.95,2.7265,0.315,0.106779661,1,0.14551,0.053368788,,,79.75,50.80935252,347,,8081.365088,5895.378771,94.45
Ethylene & Oxygen,Triplet,8,2.95,2.7265,0.315,0.106779661,1.5,0.31747,0.116438658,,,188.5,65.42266187,206,,8882.218132,5803.460821,203.2
Ethylene & Oxygen,Triplet,8,2.95,2.7265,0.315,0.106779661,1.1,0.266759,0.097839354,,,159.5,48.56115108,182,,8342.191868,5922.453859,174.2
H2O2 & Triglyme,Triplet (OFO),1,3,2.709623664,0.25,0.083333333,0.9,1.69756,0.626492905,6689.959,1,,,,88%,7629.265336,,14.7
H2O2 & Triglyme,Triplet (OFO),1,3,2.709623664,0.25,0.083333333,0.93,1.7064,0.62975535,6949.158,1,,,,91%,7655.183972,,14.7
H2O2 & Triglyme,Triplet (OFO),1,3,2.709623664,0.25,0.083333333,0.95,1.69756,0.626492905,6949.158,1,,,,91%,7671.916256,,14.7
H2O2 & Triglyme,Triplet (OFO),1,3.6,2.709623664,0.25,0.069444444,1.06,1.56528,0.577674317,6949.158,1,,,,90%,7759.514684,,14.7
H2O2 & Triglyme,Triplet (OFO),1,3.6,2.709623664,0.25,0.069444444,1.05,1.58733,0.585811979,6949.158,1,,,,90%,7751.640668,,14.7
H2O2 & Triglyme,Triplet (OFO),1,3.6,2.709623664,0.25,0.069444444,0.95,1.7196,0.634626876,8212.343,1,,,,107%,7671.916256,,14.7
H2O2 & Triglyme,Triplet (OFO),1,3.6,2.709623664,0.25,0.069444444,1.17,1.58733,0.585811979,7224.762,1,,,,92%,7837.92676,,14.7
H2O2 & Triglyme,Triplet (OFO),1,3.6,2.709623664,0.25,0.069444444,1.12,1.69756,0.626492905,7526.614,1,,,,96%,7803.149856,,14.7
Methane & Oxygen,Unlike Doublets,1,3,1.73353107,0.3937,0.131233333,0.7956731,0.5732012,0.330655279,4075.378411,6,45.27099521,79.01497708,135.82555,53%,7659.777148,4842.199983,59.97099521
Methane & Oxygen,Unlike Doublets,1,3,1.73353107,0.3937,0.131233333,0.81490386,0.5732012,0.330655279,4065.114303,6,45.59232835,79.74881885,137.38318,53%,7681.430692,4868.016038,60.29232835
Methane & Oxygen,Unlike Doublets,1,3,1.73353107,0.3937,0.131233333,0.9495192,0.5732012,0.330655279,4459.696009,5,45.9234182,83.16984306,145.17134,56%,7957.021252,4894.615952,60.6234182
Methane & Oxygen,Unlike Doublets,1,3,1.73353107,0.3937,0.131233333,0.96634614,0.5732012,0.330655279,4936.748846,4,47.52655947,81.44837264,141.12149,62%,7996.719416,5023.413072,62.22655947
Methane & Oxygen,Unlike Doublets,1,3,1.73353107,0.3937,0.131233333,1.0264423,0.5732012,0.330655279,4511.958806,5,45.44942676,82.42415161,142.99066,56%,8095.800784,4856.535258,60.14942676
Methane & Oxygen,Unlike Doublets,1,3,1.73353107,0.3937,0.131233333,1.09375,0.5732012,0.330655279,5123.909285,4,45.4548947,85.36098894,147.66356,63%,8193.241732,4856.974554,60.1548947
Methane & Oxygen,Unlike Doublets,1,3,1.73353107,0.3937,0.131233333,1.1370193,0.5732012,0.330655279,5113.759022,4,46.41810656,86.58316757,148.59813,62%,8271.325724,4934.359446,61.11810656
Methane & Oxygen,Unlike Doublets,1,3,1.73353107,0.3937,0.131233333,1.1706731,0.5732012,0.330655279,5103.571358,4,45.1411746,83.38839338,144.5483,61%,8311.351972,4831.770135,59.8411746
Methane & Oxygen,Unlike Doublets,1,3,1.73353107,0.3937,0.131233333,1.4543269,0.5732012,0.330655279,3829.977485,7,51.39912919,84.58095566,148.90965,44%,8642.388728,5334.537137,66.09912919
Methane & Oxygen,Unlike Doublets,1,3,1.73353107,0.3937,0.131233333,1.7307693,0.5732012,0.330655279,3986.942713,6,51.74154505,83.8089166,145.48286,45%,8792.979284,5362.046988,66.44154505
Methane & Oxygen,Unlike Doublets,1,3,1.73353107,0.3937,0.131233333,2.0120192,0.5732012,0.330655279,3946.903342,6,51.92387957,81.32014159,140.18692,45%,8784.121016,5376.695829,66.62387957
Methane & Oxygen,Unlike Doublets,1,3,1.73353107,0.3937,0.131233333,2.3052886,0.5732012,0.330655279,3844.782275,7,49.86860844,77.1101929,134.26791,45%,8624.344108,5211.574383,64.56860844
Methane & Oxygen,Unlike Doublets,1,3,1.73353107,0.3937,0.131233333,2.3774037,0.5732012,0.330655279,3731.138243,7,50.67388987,76.61089886,134.57944,44%,8568.241744,5276.271071,65.37388987
Methane & Oxygen,Unlike Doublets,1,3,1.73353107,0.3937,0.131233333,2.4110577,0.5732012,0.330655279,4000.819354,6,50.03708313,74.64244652,131.7757,47%,8541.338856,5225.109719,64.73708313
Methane & Oxygen,Unlike Doublets,1,3,1.73353107,0.3937,0.131233333,2.4567308,0.5732012,0.330655279,3835.23011,7,49.88090911,76.84603783,131.15265,45%,8494.750928,5212.562625,64.58090911
Methane & Oxygen,Unlike Doublets,1,3,1.73353107,0.3937,0.131233333,1.1,0.200063387,0.115408019,2883.398583,4,18.91651298,11.03034845,56.722614,35%,8124.344092,7807.015243,33.61651298
Methane & Oxygen,Unlike Doublets,1,3,1.73353107,0.3937,0.131233333,1.1,0.198101972,0.114276563,3350.976813,4,19.39541105,12.50106085,61.88863,41%,8126.64068,7995.638575,34.09541105
Methane & Oxygen,Unlike Doublets,1,3,1.73353107,0.3937,0.131233333,1.1,0.292249454,0.168586222,3179.531434,7,27.29724664,26.47283566,95.18121,39%,8156.824408,6664.99518,41.99724664
Methane & Oxygen,Unlike Doublets,1,3,1.73353107,0.3937,0.131233333,1.1,0.392281132,0.226290223,3288.632979,7,36.63577934,44.48907163,114.856224,40%,8185.6958,6061.704571,51.33577934
Methane & Oxygen,Unlike Doublets,1,3,1.73353107,0.3937,0.131233333,1.1,0.486428613,0.280599882,2867.812592,5,47.17155576,58.09316796,122.32891,35%,8212.926772,5885.916158,61.87155576
Methane & Oxygen,Unlike Doublets,1,3,1.73353107,0.3937,0.131233333,1.1,0.287019015,0.165569005,2966.523553,4,26.57889663,23.6539691,85.16868,36%,8154.52782,6671.196623,41.27889663
Methane & Oxygen,Unlike Doublets,1,3,1.73353107,0.3937,0.131233333,1.1,0.386396913,0.222895868,2987.304754,4,35.67798029,40.32205023,107.347885,37%,8183.071128,6039.863172,50.37798029
Methane & Oxygen,Unlike Doublets,1,3,1.73353107,0.3937,0.131233333,1.1,0.587767874,0.339058171,4525.117271,5,53.23761202,81.99225755,142.94318,55%,8226.378216,5346.375101,67.93761202
Methane & Oxygen,Unlike Doublets,1,3,1.73353107,0.3937,0.131233333,1.1,0.679300147,0.391859228,2893.789135,5,62.81559085,97.43474296,146.03345,35%,8245.079004,5275.290264,77.51559085
Methane & Oxygen,Unlike Doublets,1,3,1.73353107,0.3937,0.131233333,1.1,0.681915421,0.393367868,3226.289145,8,65.84861971,102.8273533,153.2322,39%,8250.656432,5459.885659,80.54861971
Methane & Oxygen,Unlike Doublets,1,3,1.73353107,0.3937,0.131233333,1.1,0.778678067,0.449186104,2893.789135,5,72.23393941,113.1223489,147.55537,35%,8261.483204,5159.041165,86.93393941
Methane & Oxygen,Unlike Doublets,1,3,1.73353107,0.3937,0.131233333,1.1,0.781293298,0.450694719,3080.820505,9,75.26696682,117.044243,151.93723,37%,8266.732548,5320.545981,89.96696682
Methane & Oxygen,Unlike Doublets,1,3,1.73353107,0.3937,0.131233333,1.1,0.875440713,0.50500434,2893.789135,5,85.4834827,134.2025764,155.96759,35%,8281.824412,5285.783723,100.1834827
Methane & Oxygen,Unlike Doublets,1,3,1.73353107,0.3937,0.131233333,1.1,0.896362424,0.517073181,2997.695634,9,84.52568075,135.6732881,154.07947,36%,8280.512076,5113.202167,99.22568075
Methane & Oxygen,Unlike Doublets,1,3,1.73353107,0.3937,0.131233333,1.1,0.961742613,0.554788218,2893.789135,5,93.46512689,150.380412,159.06013,35%,8292.651184,5193.650482,108.1651269
Methane & Oxygen,Unlike Doublets,1,3,1.73353107,0.3937,0.131233333,1.1,0.978741446,0.564594118,2924.961183,10,93.30549807,154.5474334,160.93071,35%,8292.3231,5095.936112,108.0054981
Hydrogen & Oxygen,Jet-in-Crossflow,1.24,0.75,1.187522023,0.1,0.133333333,0.97,0.924,0.778090833,,1,306.3,207,224.025974,,9750.328396,8846.440522,321
Hydrogen & Oxygen,Jet-in-Crossflow,1.24,0.75,1.187522023,0.1,0.133333333,0.82,0.479,0.40336094,,1,142.3,90,187.8914405,,9157.480608,8354.549121,157
Hydrogen & Oxygen,Jet-in-Crossflow,1.24,0.75,1.187522023,0.1,0.133333333,1.13,0.499,0.420202733,,1,162.3,106,212.4248497,,10091.86384,9039.36655,177
Hydrogen & Oxygen,Jet-in-Crossflow,1.24,0.75,1.187522023,0.1,0.133333333,0.52,0.469,0.394940044,,1,115.3,72,153.5181237,,7959.974008,7068.078766,130
Hydrogen & Oxygen,Jet-in-Crossflow,1.24,0.75,1.187522023,0.1,0.133333333,1.26,0.506,0.426097361,,1,172.3,108,213.4387352,,10409.77724,9417.097527,187
Hydrogen & Oxygen,Jet-in-Crossflow,1.24,0.75,1.187522023,0.1,0.133333333,1.45,0.516,0.434518257,,1,187.3,108,209.3023256,,10806.43079,9974.152148,202
Hydrogen & Oxygen,Jet-in-Crossflow,1.24,0.75,1.187522023,0.1,0.133333333,0.41,0.854,0.719144558,,1,237.3,140,163.9344262,,7493.43856,7516.041812,252
NG & Oxygen,Jet-in-Crossflow,1,2.75,3.37407051,0.3,0.109090909,1.02,2.62,0.776510151,4970,4,91.3,436,166.4122137,61%,8158.792912,3636.603459,106
NG & Oxygen,Jet-in-Crossflow,1,2.75,3.37407051,0.3,0.109090909,1,2.64,0.782437709,6560,2,115.3,425,160.9848485,80%,8152.231232,4423.891461,130
NG & Oxygen,Jet-in-Crossflow,1,2.75,3.37407051,0.3,0.109090909,0.7,2.46,0.729089683,6490,2,94.3,361,146.7479675,86%,7508.530424,3982.438054,109
NG & Oxygen,Jet-in-Crossflow,1,2.75,3.37407051,0.3,0.109090909,1.6,2.91,0.862459747,4930,3,131.3,493,169.4158076,56%,8840.551464,4506.250305,146
NG & Oxygen,Jet-in-Crossflow,1,2.75,3.37407051,0.3,0.109090909,0.69,2.45,0.726125904,6430,2,101.3,364,148.5714286,86%,7491.79814,4254.784855,116
NG & Oxygen,Jet-in-Crossflow,1,2.75,3.37407051,0.3,0.109090909,1,2.64,0.782437709,6490,2,116.3,418,158.3333333,80%,8153.215484,4457.843046,131
NG & Oxygen,Jet-in-Crossflow,1,2.75,3.37407051,0.3,0.109090909,1.01,2.6,0.770582592,6433,2,109.3,419,161.1538462,79%,8163.386088,4285.10783,124
NG & Oxygen,Jet-in-Crossflow,1,2.75,3.37407051,0.3,0.109090909,1,2.61,0.773546371,6490,2,108.3,420,160.9195402,80%,8144.6853,4234.34796,123
NG & Oxygen,Jet-in-Crossflow,1.92,2.75,3.37407051,0.3,0.109090909,0.68,2.45,0.726125904,4860,3,169.3,392,160,65%,7521.3257,3511.737106,184
NG & Oxygen,Jet-in-Crossflow,1.92,2.75,3.37407051,0.3,0.109090909,1,2.6,0.770582592,4760,6,203.3,459,176.5384615,58%,8222.441208,3919.612494,218
NG & Oxygen,Jet-in-Crossflow,1.92,2.75,3.37407051,0.3,0.109090909,1.54,2.91,0.862459747,4560,7,231.3,537,184.5360825,51%,8872.375612,3951.246903,246
NG & Oxygen,Jet-in-Crossflow,1,2.75,3.37407051,0.3,0.109090909,1.01,2.62,0.776510151,6490,2,111,427,162.9770992,79%,8165.026508,4310.55537,125.7
NG & Oxygen,Jet-in-Crossflow,1,2.75,3.37407051,0.3,0.109090909,1.6,2.91,0.862459747,6430,2,133,501,172.1649485,73%,8841.8638,4558.612749,147.7
NG & Oxygen,Jet-in-Crossflow,1,2.75,3.37407051,0.3,0.109090909,1.02,2.61,0.773546371,6620,2,113,430,164.7509579,81%,8184.711548,4395.754573,127.7
NG & Oxygen,Jet-in-Crossflow,1,2.75,3.37407051,0.3,0.109090909,0.7,3.66,1.084743188,6370,2,142,607,165.8469945,84%,7551.837512,3844.8778,156.7
NG & Oxygen,Jet-in-Crossflow,1,2.75,3.37407051,0.3,0.109090909,1.06,3.91,1.158837668,5990,3,176,743,190.0255754,72%,8307.414964,4378.451911,190.7
NG & Oxygen,Jet-in-Crossflow,1,2.75,3.37407051,0.3,0.109090909,1.1,3.94,1.167729005,5980,3,165,756,191.8781726,71%,8363.845412,4094.871309,179.7
NG & Oxygen,Jet-in-Crossflow,1,2.75,3.37407051,0.3,0.109090909,1.041,2.6,0.770582592,5377.29676,4,78.7,464.75,178.75,66%,8174.869028,3230.205983,93.4
NG & Oxygen,Jet-in-Crossflow,1,2.75,3.37407051,0.3,0.109090909,1.002,2.62,0.776510151,5370.73508,4,79.2,461.03,175.9656489,66%,8107.283724,3222.653301,93.9
NG & Oxygen,Jet-in-Crossflow,1,2.75,3.37407051,0.3,0.109090909,1.009,2.607,0.772657238,6860.23644,2,112.3,449.34,172.3590334,84%,8166.666928,4376.746033,127
NG & Oxygen,Jet-in-Crossflow,1,2.75,3.37407051,0.3,0.109090909,1.007,2.607,0.772657238,5383.85844,3,79.2,449.18,172.2976601,66%,8124.672176,3238.723302,93.9
NG & Oxygen,Jet-in-Crossflow,1,2.75,3.37407051,0.3,0.109090909,1.038,2.551,0.756060074,6919.29156,2,93.7,434.28,170.2391219,84%,8195.866404,3819.293729,108.4
NG & Oxygen,Jet-in-Crossflow,1,2.75,3.37407051,0.3,0.109090909,1.043,2.573,0.762580388,6699.47528,2,97.3,445.21,173.0314808,82%,8200.45958,3912.045924,112
NG & Oxygen,Jet-in-Crossflow,1,2.75,3.37407051,0.3,0.109090909,1.039,2.595,0.769100703,5367.45424,4,70.8,462.19,178.1078998,66%,8162.401836,2963.561198,85.5
NG & Oxygen,Jet-in-Crossflow,1,2.75,3.37407051,0.3,0.109090909,1.059,2.498,0.740352044,7004.5934,5,70.8,431.81,172.8622898,85%,8195.53832,3078.639435,85.5
NG & Oxygen,Jet-in-Crossflow,1,2.75,3.37407051,0.3,0.109090909,1.04,2.537,0.751910783,7030.84012,5,88.2,446.57,176.0228616,86%,8188.648556,3646.054906,102.9
NG & Oxygen,Jet-in-Crossflow,1,2.75,3.37407051,0.3,0.109090909,1.043,2.529,0.74953976,5072.17864,7,91.3,450.72,178.2206406,62%,8192.585564,3767.457913,106
NG & Oxygen,Jet-in-Crossflow,1,2.75,3.37407051,0.3,0.109090909,1.03,2.554,0.756949208,5068.8978,7,89.5,447.89,175.3680501,62%,8173.556692,3667.409214,104.2
NG & Oxygen,Jet-in-Crossflow,1,2.75,3.37407051,0.3,0.109090909,1.045,2.575,0.763173144,5236.22064,6,91.3,441.87,171.6,64%,8209.317848,3700.155753,106
NG & Oxygen,Jet-in-Crossflow,1,2.75,3.37407051,0.3,0.109090909,1.097,2.42,0.717234567,5216.5356,6,89.9,434.4,179.5041322,63%,8288.058008,3885.295871,104.6
NG & Oxygen,Jet-in-Crossflow,1,2.75,3.37407051,0.3,0.109090909,0.984,2.636,0.781252197,5275.59072,6,90.1,446.91,169.5409712,65%,8086.942516,3573.726268,104.8
NG & Oxygen,Jet-in-Crossflow,1,2.75,3.37407051,0.3,0.109090909,1.029,2.548,0.75517094,5265.7482,6,93.5,507.22,199.0659341,64%,8178.806036,3816.755049,108.2
NG & Oxygen,Jet-in-Crossflow,1,2.75,3.37407051,0.3,0.109090909,1.023,2.554,0.756949208,4921.26,7,90.5,511.96,200.4541895,60%,8157.80866,3702.504039,105.2
NG & Oxygen,Jet-in-Crossflow,1,2.75,3.37407051,0.3,0.109090909,0.977,2.514,0.745094091,6062.99232,3,102.6,489.88,194.8607796,75%,8102.690548,4192.818111,117.3
NG & Oxygen,Jet-in-Crossflow,1,2.75,3.37407051,0.3,0.109090909,1.029,2.536,0.751614405,7175.19708,4,86.8,508.23,200.4061514,88%,8169.947768,3598.011135,101.5
NG & Oxygen,Jet-in-Crossflow,1,2.75,3.37407051,0.3,0.109090909,0.991,2.607,0.772657238,5528.2154,3,87.9,531.13,203.7322593,68%,8102.03438,3537.841059,102.6
NG & Oxygen,Jet-in-Crossflow,1,2.75,3.37407051,0.3,0.109090909,0.989,2.566,0.760505743,5436.35188,4,81.2,512.67,199.7934528,67%,8092.519944,3360.333599,95.9
NG & Oxygen,Jet-in-Crossflow,1,2.75,3.37407051,0.3,0.109090909,1.015,2.54,0.752799917,5472.44112,4,81,510.25,200.8858268,67%,8144.6853,3387.673062,95.7
NG & Oxygen,Jet-in-Crossflow,1,2.75,3.37407051,0.3,0.109090909,1.007,2.542,0.753392673,5472.44112,4,81.7,508.43,200.0118017,67%,8128.2811,3409.690049,96.4
NG & Oxygen,Jet-in-Crossflow,1,2.75,3.37407051,0.3,0.109090909,1.015,2.566,0.760505743,5488.84532,4,83.5,512.97,199.9103663,67%,8148.294224,3440.674215,98.2
NG & Oxygen,Jet-in-Crossflow,1,2.75,3.37407051,0.3,0.109090909,0.996,2.531,0.750132516,6791.3388,2,110.5,508.23,200.8020545,83%,8146.981888,4444.424725,125.2
NG & Oxygen,Jet-in-Crossflow,1,2.75,3.37407051,0.3,0.109090909,0.998,2.553,0.75665283,6122.04744,3,108.8,516.4,202.2718371,75%,8145.341468,4346.441154,123.5
NG & Oxygen,Jet-in-Crossflow,1,2.75,3.37407051,0.3,0.109090909,0.706,2.406,0.713085276,6263.12356,2,98.1,443.38,184.2809643,83%,7536.417564,4213.383171,112.8
NG & Oxygen,Jet-in-Crossflow,1,2.75,3.37407051,0.3,0.109090909,1.005,2.573,0.762580388,6653.54352,2,96.9,515.49,200.3458997,82%,8148.622308,3898.111655,111.6
NG & Oxygen,Jet-in-Crossflow,1,2.75,3.37407051,0.3,0.109090909,1.025,2.536,0.751614405,5495.407,4,78.5,442.41,174.4518927,67%,8157.80866,3304.656593,93.2
NG & Oxygen,Jet-in-Crossflow,1,2.75,3.37407051,0.3,0.109090909,0.985,2.597,0.769693458,6315.617,4,75.1,440.36,169.5648826,78%,8083.333592,3109.687985,89.8
NG & Oxygen,Jet-in-Crossflow,1,2.75,3.37407051,0.3,0.109090909,0.999,2.564,0.759912987,7086.6144,3,90.4,428.66,167.1840874,87%,8123.031756,3684.567901,105.1
NG & Oxygen,Jet-in-Crossflow,1,2.75,3.37407051,0.3,0.109090909,0.975,2.571,0.761987633,5246.06316,4,80.6,443.04,172.3220537,65%,8073.819156,3332.880865,95.3
NG & Oxygen,Jet-in-Crossflow,1,2.75,3.37407051,0.3,0.109090909,0.979,2.585,0.766136923,9448.8192,1,84.2,406.31,157.1798839,117%,8079.0685,3439.656698,98.9
NG & Oxygen,Jet-in-Crossflow,1,2.75,3.37407051,0.3,0.109090909,0.994,2.561,0.759023853,6348.4254,4,89.3,473.03,184.7051933,78%,8103.6748,3650.385278,104
NG & Oxygen,Jet-in-Crossflow,1,2.75,3.37407051,0.3,0.109090909,0.993,2.577,0.7637659,5239.50148,4,98.3,511.06,198.3158712,65%,8115.15774,3940.755275,113
NG & Oxygen,Jet-in-Crossflow,1,2.75,3.37407051,0.3,0.109090909,0.98,2.598,0.769989836,9589.89532,1,98.6,478.98,184.3648961,118%,8097.769288,3919.251732,113.3
NG & Oxygen,Jet-in-Crossflow,1,2.75,3.37407051,0.3,0.109090909,0.993,2.561,0.759023853,7142.38868,3,101.4,495.93,193.6470129,88%,8119.094748,4073.871969,116.1
NG & Oxygen,Jet-in-Crossflow,1,2.75,3.37407051,0.3,0.109090909,0.998,2.563,0.759616609,6614.17344,2,117.1,513.07,200.1833789,81%,8154.199736,4619.746932,131.8
NG & Oxygen,Jet-in-Crossflow,1,2.75,1.75772109,0.15,0.054545455,1.036,2.553,1.452448864,4324.14712,8,183.2,453.23,177.528398,52%,8279.19974,3625.038465,197.9
NG & Oxygen,Jet-in-Crossflow,1,2.75,1.75772109,0.15,0.054545455,1.033,2.593,1.475205603,4297.9004,8,194.1,460.5,177.593521,52%,8269.35722,3765.401574,208.8
NG & Oxygen,Jet-in-Crossflow,1,2.75,1.75772109,0.15,0.054545455,1.002,2.576,1.465533989,5446.1944,5,213.6,453.09,175.8889752,66%,8228.674804,4143.717611,228.3
NG & Oxygen,Jet-in-Crossflow,1,2.75,1.75772109,0.15,0.054545455,1.043,2.553,1.452448864,7893.70104,1,191.1,427.94,167.622405,95%,8284.449084,3769.527889,205.8
NG & Oxygen,Jet-in-Crossflow,1,2.75,1.75772109,0.15,0.054545455,0.972,2.605,1.482032625,5475.72196,5,214.8,554.93,213.024952,67%,8174.869028,4119.097581,229.5
NG & Oxygen,Jet-in-Crossflow,1,2.75,1.75772109,0.15,0.054545455,1.005,2.598,1.478050195,6496.0632,2,191.6,541.72,208.5142417,79%,8232.939896,3713.222337,206.3
NG & Oxygen,Jet-in-Crossflow,1,2.75,1.75772109,0.15,0.054545455,0.985,2.615,1.487721809,7713.25484,1,191.7,503.69,192.6156788,94%,8197.17874,3690.868458,206.4
NG & Oxygen,Jet-in-Crossflow,1,2.75,1.75772109,0.15,0.054545455,0.998,2.58,1.467809663,4934.38336,9,219.1,455.62,176.5968992,60%,8231.955644,4236.834419,233.8
NG & Oxygen,Jet-in-Crossflow,1,2.75,1.75772109,0.15,0.054545455,0.972,2.561,1.457000212,8759.8428,1,205.4,431.46,168.4732526,107%,8169.619684,4018.479855,220.1
NG & Oxygen,Jet-in-Crossflow,1,2.75,1.75772109,0.15,0.054545455,1.001,2.58,1.467809663,8809.0554,1,206.3,511.66,198.3178295,107%,8224.409712,4005.174955,221
NG & Oxygen,Jet-in-Crossflow,1,2.75,1.75772109,0.15,0.054545455,0.978,2.582,1.4689475,8769.68532,1,204.4,502.68,194.6862897,107%,8187.33622,3967.712257,219.1
NG & Oxygen,Jet-in-Crossflow,1,2.75,1.75772109,0.15,0.054545455,0.975,2.572,1.463258315,4967.19176,9,221.7,559.67,217.6010886,61%,8197.17874,4297.214945,236.4
NG & Oxygen,Jet-in-Crossflow,1,2.75,3.37407051,0.3,0.109090909,1.043,2.59,0.767618813,5416.66684,4,85.1,532.14,205.4594595,66%,8184.383464,3464.162752,99.8
NG & Oxygen,Jet-in-Crossflow,1,2.75,3.37407051,0.3,0.109090909,1.028,2.603,0.771471726,5416.66684,4,85.6,529.82,203.5420668,66%,8168.307348,3464.078993,100.3
NG & Oxygen,Jet-in-Crossflow,1,2.75,3.37407051,0.3,0.109090909,1.008,4.99,1.478925821,5433.07104,4,181.3,1114.1,223.2665331,66%,8226.050132,3526.011531,196
NG & Oxygen,Jet-in-Crossflow,1,2.75,3.37407051,0.3,0.109090909,1.067,4.965,1.471516373,5360.89256,3,226.5,1061.05,213.7059416,64%,8355.971396,4359.752713,241.2
NG & Oxygen,Jet-in-Crossflow,1,2.75,3.37407051,0.3,0.109090909,0.959,4.936,1.462921414,6338.58288,2,197.5,1080.11,218.8229335,78%,8145.997636,3858.759908,212.2
NG & Oxygen,Jet-in-Crossflow,1,2.75,3.37407051,0.3,0.109090909,0.982,4.954,1.468256216,4685.03952,4,192.1,1144.96,231.1182883,57%,8179.462204,3747.037771,206.8
NG & Oxygen,Jet-in-Crossflow,1,2.75,3.37407051,0.3,0.109090909,1.006,4.967,1.472109129,4730.97128,4,190.1,1036.08,208.5927119,57%,8231.955644,3701.139672,204.8
NG & Oxygen,Jet-in-Crossflow,1,2.75,3.37407051,0.3,0.109090909,0.992,4.979,1.475665664,5406.82432,4,174.9,1012.96,203.4464752,66%,8186.023884,3418.588385,189.6
NG & Oxygen,Jet-in-Crossflow,1,2.75,3.37407051,0.3,0.109090909,1.047,4.999,1.481593223,5551.18128,2,223.8,960.34,192.1064213,67%,8321.194492,4281.689403,238.5
NG & Oxygen,Jet-in-Crossflow,1,2.75,3.37407051,0.3,0.109090909,0.985,4.957,1.46914535,6482.93984,2,203.4,986.13,198.936857,79%,8204.724672,3949.095983,218.1
NG & Oxygen,Jet-in-Crossflow,1,2.75,3.37407051,0.3,0.109090909,0.971,4.982,1.476554798,6263.12356,2,208.4,1105.83,221.9650743,77%,8171.260104,4019.235187,223.1
Methane & Oxygen,Jet-in-Crossflow,1,2.75,3.37407051,0.3,0.109090909,1.009,4.857,1.439507558,6430.4464,2,212.8,942.84,194.1198271,78%,8246.063256,4203.873031,227.5
Methane & Oxygen,Jet-in-Crossflow,1,2.75,3.37407051,0.3,0.109090909,1.035,4.925,1.459661256,6437.00808,2,219.8,1166.04,236.7593909,78%,8302.16562,4273.225704,234.5
Methane & Oxygen,Jet-in-Crossflow,1,2.75,3.37407051,0.3,0.109090909,1.062,4.825,1.430023464,6394.35716,2,220.5,1015.21,210.4062176,77%,8336.286356,4374.7936,235.2
Methane & Oxygen,Jet-in-Crossflow,1,2.75,3.37407051,0.3,0.109090909,1.072,4.735,1.403349452,4990.15764,4,187.6,1008,212.8827878,60%,8332.021264,3835.159513,202.3
Methane & Oxygen,Jet-in-Crossflow,1,2.75,3.37407051,0.3,0.109090909,0.996,4.995,1.480407711,5495.407,4,202.9,1180.87,236.4104104,67%,8222.441208,3910.08062,217.6
Methane & Oxygen,Jet-in-Crossflow,1,2.75,3.37407051,0.3,0.109090909,1.108,2.613,0.774435505,5544.6196,4,100.7,554.43,212.1814007,67%,8317.257484,3968.788207,115.4
Methane & Oxygen,Jet-in-Crossflow,1,2.75,3.37407051,0.3,0.109090909,1.111,2.625,0.77799204,5554.46212,4,99.4,498.59,189.9390476,67%,8315.617064,3906.255903,114.1
Methane & Oxygen,Jet-in-Crossflow,1,2.75,3.37407051,0.3,0.109090909,1.096,2.622,0.777102906,6102.3624,2,134.7,471.96,180,73%,8338.25486,5117.443863,149.4
Methane & Oxygen,Jet-in-Crossflow,1,2.75,1.75772109,0.15,0.054545455,1.07,2.628,1.49511775,5239.50148,3,301.4,486.67,185.1864536,62%,8392.38872,5621.741834,316.1
Methane & Oxygen,Jet-in-Crossflow,1,2.75,1.75772109,0.15,0.054545455,1.069,2.627,1.494548831,5393.70096,5,249.2,495,188.4278645,64%,8368.110504,4696.047967,263.9
Methane & Oxygen,Jet-in-Crossflow,1,2.75,3.37407051,0.3,0.109090909,0.924,8.214,2.434448236,5436.35188,2,341.2,1872.67,227.9851473,67%,8136.4832,3886.89842,355.9
Methane & Oxygen,Jet-in-Crossflow,1,2.75,3.37407051,0.3,0.109090909,1.042,8.411,2.492834686,5393.70096,2,365.9,1959.61,232.9818095,64%,8366.470084,4059.077225,380.6
